,Nome,CGC,Endereco
0,"210 SUL, DF",0816-8,"cls 210 blc a - asa sul 70273500 - brasilia, df tel: (61) 4003-1043 ag. numero: 0816-8 horario de atendimento: 10:00 as 15:00 (dias uteis)"
1,"211 NORTE, DF",1297-1,"setor cln 211 blc d - asa norte 70863540 - brasilia, df tel: (61) 4003-1043 ag. numero: 1297-1 horario de atendimento: 10:00 as 15:00 (dias uteis)"
2,"515 SUL, DF",1057-0,"crs 515 blc a - asa sul 70381510 - brasilia, df tel: (61) 4003-1043 ag. numero: 1057-0 horario de atendimento: 10:00 as 15:00 (dias uteis)"
3,"AGUAS CLARAS, DF",3494-0,"avenida das araucarias lote 885 - sul (aguas claras) 71936250 - brasilia, df tel: (61) 4003-1043 ag. numero: 3494-0 horario de atendimento: 10:00 as 15:00 (dias uteis)"
4,"ALMIRANTE SANDERSON DE QUEIROZ, DF",0009-4,"esplanada dos ministerios s/n - zona civico-administrativa 70055900 - brasilia, df tel: (61) 4003-1043 ag. numero: 0009-4 horario de atendimento: 11:00 as 16:00 (dias uteis)"
5,"AV RECANTO, DF",1985-2,"quadra 206 lote 6 - recanto das emas 72610600 - brasilia, df tel: (61) 4003-1043 ag. numero: 1985-2 horario de atendimento: 10:00 as 15:00 (dias uteis)"
6,"BRASILIA SHOPPING, DF",2403-1,"scn quadra 5 blc a - asa norte 70715900 - brasilia, df tel: (61) 4003-1043 ag. numero: 2403-1 horario de atendimento: 10:00 as 15:00 (dias uteis)"
7,"BRAZLANDIA, DF",1040-5,"quadra 8 norte blc b - setor norte (brazlandia) 72710582 - brasilia, df tel: (61) 4003-1043 ag. numero: 1040-5 horario de atendimento: 10:00 as 15:00 (dias uteis)"
8,"CAPITAL, DF",0647-5,"sbs quadra 4 lote 3/4 - asa sul 70070140 - brasilia, df tel: (61) 4003-1043 ag. numero: 0647-5 horario de atendimento: 10:00 as 15:00 (dias uteis)"
9,"CASAPARK SHOPPING, DF",2304-3,"sgcv lote 22 - zona industrial 71215720 - brasilia, df tel: (61) 4003-1043 ag. numero: 2304-3 horario de atendimento: 10:00 as 15:00 (dias uteis)"
10,"CEILANDIA NORTE, DF",4166-1,"bloco cnn 2 bl c lote 2/3/4 - ceilandia centro (ceilandia) 72220503 - brasilia, df tel: (61) 4003-1043 ag. numero: 4166-1 horario de atendimento: 10:00 as 15:00 (dias uteis)"
11,"CEILANDIA, DF",2272-1,"qnm 12 vi nm lote 40 - ceilandia norte (ceilandia) 72210121 - brasilia, df tel: (61) 4003-1043 ag. numero: 2272-1 horario de atendimento: 10:00 as 15:00 (dias uteis)"
12,"CIDADE DE SANTA MARIA, DF",3001-5,"colina cl 115 lote a - santa maria 72545200 - brasilia, df tel: (61) 4003-1043 ag. numero: 3001-5 horario de atendimento: 10:00 as 15:00 (dias uteis)"
13,"CNB 12, DF",1556-3,"cnb 12 lote 01 - taguatinga norte (taguatinga) 72115125 - brasilia, df tel: (61) 4003-1043 ag. numero: 1556-3 horario de atendimento: 10:00 as 15:00 (dias uteis)"
14,"COMERCIAL NORTE, DF",4462-8,"quadra qnd 27 lote 09 - taguatinga norte (taguatinga) 72120270 - brasilia, df tel: (61) 4003-1043 ag. numero: 4462-8 horario de atendimento: 10:00 as 15:00 (dias uteis)"
15,"COMERCIAL SUL, DF",1041-3,"quadra scs 04 lote 230 - setor comercial sul 70304914 - brasilia, df tel: (61) 4003-1043 ag. numero: 1041-3 horario de atendimento: 10:00 as 15:00 (dias uteis)"
16,"CONGRESSO, DF",0005-1,"praca dos tres poderes blc anexo iv - zona civ adm 70160900 - brasilia, df tel: (61) 4003-1043 ag. numero: 0005-1 horario de atendimento: 11:00 as 16:00 (dias uteis)"
17,"CONJUNTO NACIONAL, DF",0630-0,"setor sdn - setor de diversoes norte 70077900 - brasilia, df tel: (61) 4003-1043 ag. numero: 0630-0 horario de atendimento: 10:00 as 15:00 (dias uteis)"
18,"CORPORATE CENTER, DF",2458-9,"scn 02 q 02 - setor comercial norte 70712900 - brasilia, df tel: (61) 4003-1043 ag. numero: 2458-9 horario de atendimento: 10:00 as 15:00 (dias uteis)"
19,"DOM BOSCO, DF",0974-1,"sepn 513 blc d - asa norte 70760524 - brasilia, df tel: (61) 4003-1043 ag. numero: 0974-1 horario de atendimento: 10:00 as 15:00 (dias uteis)"
20,"GAMA, DF",0655-6,"entre quadra 51/53 lote projecao 4 - setor central (gama) 72405900 - brasilia, df tel: (61) 4003-1043 ag. numero: 0655-6 horario de atendimento: 10:00 as 15:00 (dias uteis)"
21,"GRANDE COLORADO, DF",4460-1,"rodovia df-003 num s/n - setor de postos e moteis norte (lago nor 71560100 - brasilia, df tel: (61) 4003-1043 ag. numero: 4460-1 horario de atendimento: 10:00 as 15:00 (dias uteis)"
22,"GUARA, DF",0643-2,"qe 7 bl a - guara i 71020617 - brasilia, df tel: (61) 4003-1043 ag. numero: 0643-2 horario de atendimento: 10:00 as 15:00 (dias uteis)"
23,"JARDIM BOTANICO BRASILIA,  DF",0674-2,"setor av dom bosco q 02 - sth jardim botanico 70070600 - brasilia, df tel: (61) 4003-1043 ag. numero: 0674-2 horario de atendimento: 10:00 as 15:00 (dias uteis)"
24,"JOSE SEABRA, DF",0007-8,"setor sepn 516 cjt d - asa norte 70770524 - brasilia, df tel: (61) 4003-1043 ag. numero: 0007-8 horario de atendimento: 10:00 as 15:00 (dias uteis)"
25,"LAGO NORTE, DF",3310-3,"calcadao ca 1 lote a - setor de habitacoes individuais norte 71503501 - brasilia, df tel: (61) 4003-1043 ag. numero: 3310-3 horario de atendimento: 10:00 as 15:00 (dias uteis)"
26,"LAGO SUL, DF",2893-2,"shis qi 9/11 blc k - setor de habitacoes individuais sul 71625203 - brasilia, df tel: (61) 4003-1043 ag. numero: 2893-2 horario de atendimento: 10:00 as 15:00 (dias uteis)"
27,"MEXICO, DF",0006-0,"cls 107 blc b - asa sul 70346520 - brasilia, df tel: (61) 4003-1043 ag. numero: 0006-0 horario de atendimento: 10:00 as 15:00 (dias uteis)"
28,"MINISTERIO DA DEFESA, DF",0875-3,"esplanada dos ministerios s/n blc q - zona civico-administrativa 70049900 - brasilia, df tel: (61) 4003-1043 ag. numero: 0875-3 horario de atendimento: 11:00 as 16:00 (dias uteis)"
29,"MINISTERIO DA EDUCACAO, DF",0664-5,"esplanada dos ministerios num s/n - zona civico-administrativa 70047900 - brasilia, df tel: (61) 4003-1043 ag. numero: 0664-5 horario de atendimento: 11:00 as 16:00 (dias uteis)"
30,"MONUMENTAL, DF",0863-0,"esplanada dos ministerios s/n blc c - zona civico-administrativa 70046900 - brasilia, df tel: (61) 4003-1043 ag. numero: 0863-0 horario de atendimento: 11:00 as 16:00 (dias uteis)"
31,"NUCLEO BANDEIRANTE, DF",0688-2,"avenida central blocos 518/680 lote 632/644 - nucleo bandeirante 71720520 - brasilia, df tel: (61) 4003-1043 ag. numero: 0688-2 horario de atendimento: 10:00 as 15:00 (dias uteis)"
32,"PARANOA, DF",3513-0,"praca central lote 04 - paranoa 7157050 - brasilia, df tel: (61) 4003-1043 ag. numero: 3513-0 horario de atendimento: 10:00 as 15:00 (dias uteis)"
33,"PLANALTINA, DF",0973-3,"avenida independencia q 01 - setor comercial central (planaltina) 73310300 - brasilia, df tel: (61) 4003-1043 ag. numero: 0973-3 horario de atendimento: 10:00 as 15:00 (dias uteis)"
34,"PLANALTO, DF",0002-7,"sbs quadra 1 blc l - setor bancario sul 70070110 - brasilia, df tel: (61) 4003-1043 ag. numero: 0002-7 horario de atendimento: 10:00 as 15:00 (dias uteis)"
35,"RECANTO DAS EMAS, DF",4331-1,"quadra 101 co s/n num s/n - recanto das emas 72600123 - brasilia, df tel: (61) 4003-1043 ag. numero: 4331-1 horario de atendimento: 10:00 as 15:00 (dias uteis)"
36,"RIACHO FUNDO, DF",3035-0,"cls 4 bl c lote 3/4 - riacho fundo i 71820513 - brasilia, df tel: (61) 4003-1043 ag. numero: 3035-0 horario de atendimento: 10:00 as 15:00 (dias uteis)"
37,"SAMAMBAIA SUL, DF",4483-0,"quadra qs 116 cjt 06 - samambaia sul 72302567 - brasilia, df tel: (61) 4003-1043 ag. numero: 4483-0 horario de atendimento: 10:00 as 15:00 (dias uteis)"
38,"SAMAMBAIA, DF",4167-0,"qn 212 co b cjt b - samambaia norte (samambaia) 72316532 - brasilia, df tel: (61) 4003-1043 ag. numero: 4167-0 horario de atendimento: 10:00 as 15:00 (dias uteis)"
39,"SIA, DF",2407-4,"trecho sia trecho 2 lote 690/700 - zona industrial (guara) 7120027 - brasilia, df tel: (61) 4003-1043 ag. numero: 2407-4 horario de atendimento: 10:00 as 15:00 (dias uteis)"
40,"SOBRADINHO, DF",0972-5,"setor central bloco 2 blc 2 - sobradinho 73010512 - brasilia, df tel: (61) 4003-1043 ag. numero: 0972-5 horario de atendimento: 10:00 as 15:00 (dias uteis)"
41,"STJ, DF",0847-8,"setor administracao federal sul q 06 - asa sul 70095900 - brasilia, df tel: (61) 4003-1043 ag. numero: 0847-8 horario de atendimento: 11:30 as 16:30 (dias uteis)"
42,"SUDOESTE, DF",1502-4,"area clsw 504 bl a blc a - setor sudoeste 70673641 - brasilia, df tel: (61) 4003-1043 ag. numero: 1502-4 horario de atendimento: 10:00 as 15:00 (dias uteis)"
43,"TAGUASUL, DF",2399-0,"setor d sul lote 08 - taguatinga sul (taguatinga) 72020111 - brasilia, df tel: (61) 4003-1043 ag. numero: 2399-0 horario de atendimento: 10:00 as 15:00 (dias uteis)"
44,"TAGUATINGA, DF",0008-6,"campus c 3 lote 10 - taguatinga centro (taguatinga) 7201030 - brasilia, df tel: (61) 4003-1043 ag. numero: 0008-6 horario de atendimento: 10:00 as 15:00 (dias uteis)"
45,"TCU BRASILIA, DF",2490-2,"safs q 04 - zona civico-administrativa 70042900 - brasilia, df tel: (61) 4003-1043 ag. numero: 2490-2 horario de atendimento: 11:00 as 16:00 (dias uteis)"
46,"TJ BRASILIA, DF",1039-1,"praca municipal lote 01 - zona civico-administrativa 70094900 - brasilia, df tel: (61) 4003-1043 ag. numero: 1039-1 horario de atendimento: 12:00 as 17:00 (dias uteis)"
47,"TRT BRASILIA, DF",1399-4,"setor saus quadra 1 - asa sul 7007010 - brasilia, df tel: (61) 4003-1043 ag. numero: 1399-4 horario de atendimento: 10:00 as 15:00 (dias uteis)"
